utc_timestamp,cet_cest_timestamp,DE_load_actual_entsoe_transparency,DE_load_forecast_entsoe_transparency,DE_solar_capacity,DE_solar_generation_actual,DE_solar_profile,DE_wind_capacity,DE_wind_generation_actual,DE_wind_profile,DE_wind_offshore_capacity,DE_wind_offshore_generation_actual,DE_wind_offshore_profile,DE_wind_onshore_capacity,DE_wind_onshore_generation_actual,DE_wind_onshore_profile
2014-12-31T23:00:00Z,2015-01-01T00:00:00+0100,,,37248.0,,,27913.0,,,667.0,,,27246.0,,
2015-01-01T00:00:00Z,2015-01-01T01:00:00+0100,41151.0,39723.0,37248.0,,,27913.0,8852.0,0.3171,667.0,517.0,0.7744,27246.0,8336.0,0.3059
2015-01-01T01:00:00Z,2015-01-01T02:00:00+0100,40135.0,38813.0,37248.0,,,27913.0,9054.0,0.3244,667.0,514.0,0.771,27246.0,8540.0,0.3134
2015-01-01T02:00:00Z,2015-01-01T03:00:00+0100,39106.0,38490.0,37248.0,,,27913.0,9070.0,0.3249,667.0,518.0,0.7761,27246.0,8552.0,0.3139
2015-01-01T03:00:00Z,2015-01-01T04:00:00+0100,38765.0,38644.0,37248.0,,,27913.0,9163.0,0.3283,667.0,520.0,0.7793,27246.0,8643.0,0.3172
2015-01-01T04:00:00Z,2015-01-01T05:00:00+0100,38941.0,38773.0,37248.0,,,27913.0,9231.0,0.3307,667.0,520.0,0.779,27246.0,8712.0,0.3197
2015-01-01T05:00:00Z,2015-01-01T06:00:00+0100,39045.0,37247.0,37248.0,,,27913.0,9689.0,0.3471,667.0,521.0,0.7815,27246.0,9167.0,0.3365
2015-01-01T06:00:00Z,2015-01-01T07:00:00+0100,40206.0,40371.0,37248.0,,,27913.0,10331.0,0.3701,667.0,520.0,0.7801,27246.0,9811.0,0.3601
2015-01-01T07:00:00Z,2015-01-01T08:00:00+0100,41133.0,42522.0,37248.0,71.0,0.0019,27913.0,10208.0,0.3657,667.0,525.0,0.7874,27246.0,9683.0,0.3554
2015-01-01T08:00:00Z,2015-01-01T09:00:00+0100,42963.0,45020.0,37248.0,773.0,0.0207,27913.0,10029.0,0.3593,667.0,527.0,0.7907,27246.0,9502.0,0.3487
2015-01-01T09:00:00Z,2015-01-01T10:00:00+0100,45088.0,47101.0,37248.0,2117.0,0.0568,27913.0,10550.0,0.378,667.0,525.0,0.7872,27246.0,10025.0,0.3679
2015-01-01T10:00:00Z,2015-01-01T11:00:00+0100,47013.0,49603.0,37248.0,3364.0,0.0903,27913.0,11390.0,0.408,667.0,528.0,0.7908,27246.0,10862.0,0.3987
2015-01-01T11:00:00Z,2015-01-01T12:00:00+0100,48159.0,49910.0,37248.0,4198.0,0.1127,27913.0,12103.0,0.4336,667.0,528.0,0.7912,27246.0,11575.0,0.4248
2015-01-01T12:00:00Z,2015-01-01T13:00:00+0100,47164.0,47528.0,37248.0,3500.0,0.094,27913.0,12505.0,0.448,667.0,528.0,0.7912,27246.0,11977.0,0.4396
2015-01-01T13:00:00Z,2015-01-01T14:00:00+0100,46752.0,47097.0,37248.0,2279.0,0.0612,27913.0,11921.0,0.4271,667.0,525.0,0.7864,27246.0,11396.0,0.4183
2015-01-01T14:00:00Z,2015-01-01T15:00:00+0100,47403.0,47383.0,37248.0,746.0,0.02,27913.0,11851.0,0.4246,667.0,524.0,0.7858,27246.0,11327.0,0.4157
2015-01-01T15:00:00Z,2015-01-01T16:00:00+0100,49440.0,48936.0,37248.0,50.0,0.0013,27913.0,13582.0,0.4866,667.0,524.0,0.786,27246.0,13058.0,0.4793
2015-01-01T16:00:00Z,2015-01-01T17:00:00+0100,53410.0,52288.0,37248.0,0.0,0.0,27913.0,15436.0,0.553,667.0,524.0,0.7863,27246.0,14911.0,0.5473
2015-01-01T17:00:00Z,2015-01-01T18:00:00+0100,53672.0,53367.0,37248.0,0.0,0.0,27913.0,16868.0,0.6043,667.0,524.0,0.7857,27246.0,16344.0,0.5999
2015-01-01T18:00:00Z,2015-01-01T19:00:00+0100,53012.0,52599.0,37248.0,0.0,0.0,27913.0,18008.0,0.6451,667.0,524.0,0.7851,27246.0,17485.0,0.6417
2015-01-01T19:00:00Z,2015-01-01T20:00:00+0100,50313.0,50020.0,37248.0,0.0,0.0,27913.0,19181.0,0.6872,667.0,522.0,0.783,27246.0,18659.0,0.6848
2015-01-01T20:00:00Z,2015-01-01T21:00:00+0100,48730.0,48096.0,37248.0,0.0,0.0,27913.0,20353.0,0.7292,667.0,521.0,0.7814,27246.0,19831.0,0.7279
2015-01-01T21:00:00Z,2015-01-01T22:00:00+0100,48624.0,47803.0,37248.0,0.0,0.0,27913.0,21235.0,0.7608,667.0,519.0,0.7787,27246.0,20716.0,0.7604
2015-01-01T22:00:00Z,2015-01-01T23:00:00+0100,45668.0,44876.0,37248.0,0.0,0.0,27913.0,22083.0,0.7912,667.0,494.0,0.7407,27246.0,21589.0,0.7924
2015-01-01T23:00:00Z,2015-01-02T00:00:00+0100,42424.0,40078.0,37250.0,0.0,0.0,27926.0,22472.0,0.8047,667.0,305.0,0.4572,27259.0,22167.0,0.8132
2015-01-02T00:00:00Z,2015-01-02T01:00:00+0100,40577.0,38711.0,37250.0,0.0,0.0,27926.0,23434.0,0.8391,667.0,276.0,0.414,27259.0,23158.0,0.8495
2015-01-02T01:00:00Z,2015-01-02T02:00:00+0100,39707.0,37820.0,37250.0,0.0,0.0,27926.0,24248.0,0.8683,667.0,282.0,0.4228,27259.0,23966.0,0.8792
2015-01-02T02:00:00Z,2015-01-02T03:00:00+0100,39504.0,37828.0,37250.0,0.0,0.0,27926.0,25034.0,0.8964,667.0,325.0,0.4869,27259.0,24709.0,0.9064
2015-01-02T03:00:00Z,2015-01-02T04:00:00+0100,40391.0,38925.0,37250.0,0.0,0.0,27926.0,25721.0,0.921,667.0,335.0,0.502,27259.0,25386.0,0.9313
2015-01-02T04:00:00Z,2015-01-02T05:00:00+0100,42382.0,40503.0,37250.0,0.0,0.0,27926.0,26172.0,0.9372,667.0,388.0,0.5819,27259.0,25784.0,0.9459
2015-01-02T05:00:00Z,2015-01-02T06:00:00+0100,45679.0,43400.0,37250.0,0.0,0.0,27926.0,26355.0,0.9438,667.0,498.0,0.7471,27259.0,25857.0,0.9486
2015-01-02T06:00:00Z,2015-01-02T07:00:00+0100,50418.0,49040.0,37250.0,0.0,0.0,27926.0,26193.0,0.9379,667.0,498.0,0.747,27259.0,25694.0,0.9426
2015-01-02T07:00:00Z,2015-01-02T08:00:00+0100,54131.0,51540.0,37250.0,38.0,0.001,27926.0,26590.0,0.9522,667.0,480.0,0.7196,27259.0,26110.0,0.9578
2015-01-02T08:00:00Z,2015-01-02T09:00:00+0100,56505.0,53133.0,37250.0,252.0,0.0068,27926.0,25934.0,0.9287,667.0,367.0,0.5509,27259.0,25567.0,0.9379
2015-01-02T09:00:00Z,2015-01-02T10:00:00+0100,58447.0,54446.0,37250.0,667.0,0.0179,27926.0,25641.0,0.9182,667.0,406.0,0.6087,27259.0,25235.0,0.9258
2015-01-02T10:00:00Z,2015-01-02T11:00:00+0100,59453.0,55685.0,37250.0,1262.0,0.0339,27926.0,25810.0,0.9242,667.0,420.0,0.6293,27259.0,25391.0,0.9315
2015-01-02T11:00:00Z,2015-01-02T12:00:00+0100,59201.0,55627.0,37250.0,1726.0,0.0463,27926.0,25642.0,0.9182,667.0,414.0,0.6212,27259.0,25228.0,0.9255
2015-01-02T12:00:00Z,2015-01-02T13:00:00+0100,58564.0,53698.0,37250.0,1899.0,0.051,27926.0,25795.0,0.9237,667.0,431.0,0.6464,27259.0,25363.0,0.9304
2015-01-02T13:00:00Z,2015-01-02T14:00:00+0100,57721.0,53315.0,37250.0,1352.0,0.0363,27926.0,25297.0,0.9059,667.0,486.0,0.728,27259.0,24812.0,0.9102
2015-01-02T14:00:00Z,2015-01-02T15:00:00+0100,57276.0,53275.0,37250.0,516.0,0.0138,27926.0,24982.0,0.8946,667.0,489.0,0.7334,27259.0,24493.0,0.8986
2015-01-02T15:00:00Z,2015-01-02T16:00:00+0100,58813.0,54491.0,37250.0,45.0,0.0012,27926.0,24719.0,0.8852,667.0,494.0,0.7399,27259.0,24226.0,0.8887
2015-01-02T16:00:00Z,2015-01-02T17:00:00+0100,61605.0,57233.0,37250.0,0.0,0.0,27926.0,24301.0,0.8702,667.0,492.0,0.7374,27259.0,23810.0,0.8734
2015-01-02T17:00:00Z,2015-01-02T18:00:00+0100,61645.0,57268.0,37250.0,0.0,0.0,27926.0,25010.0,0.8956,667.0,475.0,0.7124,27259.0,24535.0,0.9001
2015-01-02T18:00:00Z,2015-01-02T19:00:00+0100,59283.0,55584.0,37250.0,0.0,0.0,27926.0,24783.0,0.8875,667.0,502.0,0.7524,27259.0,24281.0,0.8908
2015-01-02T19:00:00Z,2015-01-02T20:00:00+0100,55622.0,51784.0,37250.0,0.0,0.0,27926.0,24279.0,0.8694,667.0,512.0,0.7669,27259.0,23767.0,0.8719
2015-01-02T20:00:00Z,2015-01-02T21:00:00+0100,53186.0,47798.0,37250.0,0.0,0.0,27926.0,24366.0,0.8725,667.0,477.0,0.7144,27259.0,23890.0,0.8764
2015-01-02T21:00:00Z,2015-01-02T22:00:00+0100,50691.0,45972.0,37250.0,0.0,0.0,27926.0,24546.0,0.8789,667.0,502.0,0.7533,27259.0,24043.0,0.882
2015-01-02T22:00:00Z,2015-01-02T23:00:00+0100,45323.0,44474.0,37250.0,0.0,0.0,27926.0,24626.0,0.8818,667.0,475.0,0.7129,27259.0,24150.0,0.8859
2015-01-02T23:00:00Z,2015-01-03T00:00:00+0100,40464.0,42341.0,37250.0,0.0,0.0,27926.0,24076.0,0.8622,667.0,509.0,0.7635,27259.0,23567.0,0.8646
2015-01-03T00:00:00Z,2015-01-03T01:00:00+0100,38338.0,40963.0,37250.0,0.0,0.0,27926.0,23277.0,0.8335,667.0,509.0,0.7635,27259.0,22768.0,0.8352
2015-01-03T01:00:00Z,2015-01-03T02:00:00+0100,36897.0,39777.0,37250.0,0.0,0.0,27926.0,22117.0,0.792,667.0,513.0,0.7687,27259.0,21604.0,0.7926
2015-01-03T02:00:00Z,2015-01-03T03:00:00+0100,36104.0,39825.0,37250.0,0.0,0.0,27926.0,20918.0,0.7491,667.0,512.0,0.7679,27259.0,20406.0,0.7486
2015-01-03T03:00:00Z,2015-01-03T04:00:00+0100,36453.0,40221.0,37250.0,0.0,0.0,27926.0,20291.0,0.7266,667.0,513.0,0.7697,27259.0,19778.0,0.7255
2015-01-03T04:00:00Z,2015-01-03T05:00:00+0100,36839.0,40013.0,37250.0,0.0,0.0,27926.0,20508.0,0.7344,667.0,513.0,0.7694,27259.0,19995.0,0.7335
2015-01-03T05:00:00Z,2015-01-03T06:00:00+0100,38073.0,40213.0,37250.0,0.0,0.0,27926.0,21327.0,0.7637,667.0,513.0,0.7695,27259.0,20813.0,0.7636
2015-01-03T06:00:00Z,2015-01-03T07:00:00+0100,40819.0,42881.0,37250.0,0.0,0.0,27926.0,21946.0,0.7858,667.0,513.0,0.7692,27259.0,21433.0,0.7863
2015-01-03T07:00:00Z,2015-01-03T08:00:00+0100,44119.0,46556.0,37250.0,74.0,0.002,27926.0,22980.0,0.8229,667.0,512.0,0.7678,27259.0,22468.0,0.8242
2015-01-03T08:00:00Z,2015-01-03T09:00:00+0100,47421.0,49658.0,37250.0,608.0,0.0163,27926.0,23419.0,0.8386,667.0,492.0,0.738,27259.0,22927.0,0.8411
2015-01-03T09:00:00Z,2015-01-03T10:00:00+0100,49756.0,51738.0,37250.0,1279.0,0.0343,27926.0,23097.0,0.8271,667.0,474.0,0.7103,27259.0,22623.0,0.8299
2015-01-03T10:00:00Z,2015-01-03T11:00:00+0100,51917.0,52963.0,37250.0,1700.0,0.0456,27926.0,23230.0,0.8318,667.0,502.0,0.7527,27259.0,22728.0,0.8338
2015-01-03T11:00:00Z,2015-01-03T12:00:00+0100,52205.0,52563.0,37250.0,1618.0,0.0434,27926.0,22829.0,0.8175,667.0,480.0,0.7191,27259.0,22349.0,0.8199
2015-01-03T12:00:00Z,2015-01-03T13:00:00+0100,52147.0,51454.0,37250.0,1155.0,0.031,27926.0,21174.0,0.7582,667.0,516.0,0.7732,27259.0,20658.0,0.7578
2015-01-03T13:00:00Z,2015-01-03T14:00:00+0100,50677.0,50239.0,37250.0,587.0,0.0157,27926.0,19464.0,0.697,667.0,513.0,0.7694,27259.0,18951.0,0.6952
2015-01-03T14:00:00Z,2015-01-03T15:00:00+0100,50478.0,49500.0,37250.0,195.0,0.0052,27926.0,17468.0,0.6255,667.0,489.0,0.7327,27259.0,16979.0,0.6228
2015-01-03T15:00:00Z,2015-01-03T16:00:00+0100,52820.0,50742.0,37250.0,21.0,0.0006,27926.0,16038.0,0.5743,667.0,475.0,0.7124,27259.0,15563.0,0.5709
2015-01-03T16:00:00Z,2015-01-03T17:00:00+0100,55854.0,52569.0,37250.0,0.0,0.0,27926.0,15378.0,0.5506,667.0,488.0,0.7315,27259.0,14890.0,0.5462
2015-01-03T17:00:00Z,2015-01-03T18:00:00+0100,56259.0,52953.0,37250.0,0.0,0.0,27926.0,14449.0,0.5174,667.0,513.0,0.7694,27259.0,13936.0,0.5112
2015-01-03T18:00:00Z,2015-01-03T19:00:00+0100,55017.0,51891.0,37250.0,0.0,0.0,27926.0,12946.0,0.4636,667.0,514.0,0.7707,27259.0,12432.0,0.4561
2015-01-03T19:00:00Z,2015-01-03T20:00:00+0100,50801.0,49039.0,37250.0,0.0,0.0,27926.0,13871.0,0.4967,667.0,514.0,0.7702,27259.0,13357.0,0.49
2015-01-03T20:00:00Z,2015-01-03T21:00:00+0100,48359.0,47277.0,37250.0,0.0,0.0,27926.0,15216.0,0.5448,667.0,514.0,0.7709,27259.0,14702.0,0.5393
2015-01-03T21:00:00Z,2015-01-03T22:00:00+0100,47968.0,46911.0,37250.0,0.0,0.0,27926.0,15811.0,0.5662,667.0,515.0,0.7715,27259.0,15296.0,0.5612
2015-01-03T22:00:00Z,2015-01-03T23:00:00+0100,45427.0,44335.0,37250.0,0.0,0.0,27926.0,17337.0,0.6208,667.0,514.0,0.7709,27259.0,16823.0,0.6172
2015-01-03T23:00:00Z,2015-01-04T00:00:00+0100,42806.0,41144.0,37250.0,0.0,0.0,27926.0,17864.0,0.6397,667.0,514.0,0.771,27259.0,17350.0,0.6365
2015-01-04T00:00:00Z,2015-01-04T01:00:00+0100,38517.0,38945.0,37250.0,0.0,0.0,27926.0,18736.0,0.6709,667.0,514.0,0.7703,27259.0,18222.0,0.6685
2015-01-04T01:00:00Z,2015-01-04T02:00:00+0100,37082.0,37773.0,37250.0,0.0,0.0,27926.0,18898.0,0.6767,667.0,512.0,0.7669,27259.0,18386.0,0.6745
2015-01-04T02:00:00Z,2015-01-04T03:00:00+0100,36575.0,37971.0,37250.0,0.0,0.0,27926.0,18966.0,0.6792,667.0,504.0,0.7553,27259.0,18462.0,0.6773
2015-01-04T03:00:00Z,2015-01-04T04:00:00+0100,36793.0,37963.0,37250.0,0.0,0.0,27926.0,19098.0,0.6839,667.0,505.0,0.7568,27259.0,18593.0,0.6821
2015-01-04T04:00:00Z,2015-01-04T05:00:00+0100,36336.0,37356.0,37250.0,0.0,0.0,27926.0,18750.0,0.6714,667.0,504.0,0.7554,27259.0,18246.0,0.6694
2015-01-04T05:00:00Z,2015-01-04T06:00:00+0100,35592.0,35588.0,37250.0,0.0,0.0,27926.0,18627.0,0.667,667.0,499.0,0.7477,27259.0,18128.0,0.665
2015-01-04T06:00:00Z,2015-01-04T07:00:00+0100,38255.0,36483.0,37250.0,0.0,0.0,27926.0,17995.0,0.6444,667.0,495.0,0.7428,27259.0,17499.0,0.642
2015-01-04T07:00:00Z,2015-01-04T08:00:00+0100,41037.0,39515.0,37250.0,58.0,0.0016,27926.0,17961.0,0.6432,667.0,499.0,0.7483,27259.0,17462.0,0.6406
2015-01-04T08:00:00Z,2015-01-04T09:00:00+0100,43899.0,43306.0,37250.0,974.0,0.0262,27926.0,17248.0,0.6176,667.0,492.0,0.7371,27259.0,16757.0,0.6147
2015-01-04T09:00:00Z,2015-01-04T10:00:00+0100,46915.0,45523.0,37250.0,2771.0,0.0744,27926.0,16822.0,0.6024,667.0,498.0,0.7464,27259.0,16324.0,0.5988
2015-01-04T10:00:00Z,2015-01-04T11:00:00+0100,50252.0,47889.0,37250.0,4151.0,0.1114,27926.0,16905.0,0.6054,667.0,501.0,0.7512,27259.0,16404.0,0.6018
2015-01-04T11:00:00Z,2015-01-04T12:00:00+0100,50784.0,48273.0,37250.0,4579.0,0.1229,27926.0,16848.0,0.6033,667.0,485.0,0.7278,27259.0,16363.0,0.6002
2015-01-04T12:00:00Z,2015-01-04T13:00:00+0100,48824.0,46651.0,37250.0,3992.0,0.1072,27926.0,16658.0,0.5965,667.0,471.0,0.7063,27259.0,16187.0,0.5938
2015-01-04T13:00:00Z,2015-01-04T14:00:00+0100,47517.0,45203.0,37250.0,2421.0,0.065,27926.0,16118.0,0.5772,667.0,489.0,0.7333,27259.0,15629.0,0.5734
2015-01-04T14:00:00Z,2015-01-04T15:00:00+0100,47398.0,44878.0,37250.0,952.0,0.0256,27926.0,15084.0,0.5401,667.0,482.0,0.7221,27259.0,14602.0,0.5357
2015-01-04T15:00:00Z,2015-01-04T16:00:00+0100,49465.0,46081.0,37250.0,84.0,0.0023,27926.0,14160.0,0.5071,667.0,459.0,0.6879,27259.0,13702.0,0.5026
2015-01-04T16:00:00Z,2015-01-04T17:00:00+0100,53400.0,49826.0,37250.0,0.0,0.0,27926.0,13715.0,0.4911,667.0,464.0,0.6956,27259.0,13251.0,0.4861
2015-01-04T17:00:00Z,2015-01-04T18:00:00+0100,54108.0,51443.0,37250.0,0.0,0.0,27926.0,13750.0,0.4924,667.0,470.0,0.7039,27259.0,13280.0,0.4872
2015-01-04T18:00:00Z,2015-01-04T19:00:00+0100,52621.0,50506.0,37250.0,0.0,0.0,27926.0,14251.0,0.5103,667.0,429.0,0.6429,27259.0,13822.0,0.507
2015-01-04T19:00:00Z,2015-01-04T20:00:00+0100,50243.0,47804.0,37250.0,0.0,0.0,27926.0,14132.0,0.5061,667.0,422.0,0.6326,27259.0,13710.0,0.503
2015-01-04T20:00:00Z,2015-01-04T21:00:00+0100,48877.0,46746.0,37250.0,0.0,0.0,27926.0,13069.0,0.468,667.0,406.0,0.6086,27259.0,12664.0,0.4646
2015-01-04T21:00:00Z,2015-01-04T22:00:00+0100,48808.0,46885.0,37250.0,0.0,0.0,27926.0,12458.0,0.4461,667.0,465.0,0.6976,27259.0,11992.0,0.4399
2015-01-04T22:00:00Z,2015-01-04T23:00:00+0100,46024.0,44660.0,37250.0,0.0,0.0,27926.0,12453.0,0.446,667.0,461.0,0.6905,27259.0,11993.0,0.44
2015-01-04T23:00:00Z,2015-01-05T00:00:00+0100,42658.0,43176.0,37252.0,0.0,0.0,27939.0,12321.0,0.441,670.0,474.0,0.7069,27268.0,11847.0,0.4345
2015-01-05T00:00:00Z,2015-01-05T01:00:00+0100,40699.0,41598.0,37252.0,0.0,0.0,27939.0,12279.0,0.4395,670.0,465.0,0.6934,27268.0,11815.0,0.4333
2015-01-05T01:00:00Z,2015-01-05T02:00:00+0100,39447.0,40422.0,37252.0,0.0,0.0,27939.0,12660.0,0.4532,670.0,462.0,0.6888,27268.0,12199.0,0.4474
2015-01-05T02:00:00Z,2015-01-05T03:00:00+0100,39513.0,40404.0,37252.0,0.0,0.0,27939.0,12763.0,0.4568,670.0,450.0,0.6722,27268.0,12313.0,0.4515
2015-01-05T03:00:00Z,2015-01-05T04:00:00+0100,40440.0,41348.0,37252.0,0.0,0.0,27939.0,13547.0,0.4849,670.0,453.0,0.6765,27268.0,13093.0,0.4802
2015-01-05T04:00:00Z,2015-01-05T05:00:00+0100,43931.0,43645.0,37252.0,0.0,0.0,27939.0,14853.0,0.5316,670.0,459.0,0.6844,27268.0,14395.0,0.5279
2015-01-05T05:00:00Z,2015-01-05T06:00:00+0100,50074.0,49070.0,37252.0,0.0,0.0,27939.0,15410.0,0.5516,670.0,431.0,0.6426,27268.0,14979.0,0.5493
2015-01-05T06:00:00Z,2015-01-05T07:00:00+0100,56244.0,53972.0,37252.0,0.0,0.0,27939.0,15314.0,0.5481,670.0,396.0,0.5918,27268.0,14917.0,0.547
2015-01-05T07:00:00Z,2015-01-05T08:00:00+0100,59860.0,56336.0,37252.0,93.0,0.0025,27939.0,15190.0,0.5437,670.0,335.0,0.5005,27268.0,14854.0,0.5448
2015-01-05T08:00:00Z,2015-01-05T09:00:00+0100,61179.0,57556.0,37252.0,1057.0,0.0284,27939.0,14611.0,0.523,670.0,323.0,0.4821,27268.0,14288.0,0.524
2015-01-05T09:00:00Z,2015-01-05T10:00:00+0100,62104.0,58952.0,37252.0,2986.0,0.0802,27939.0,13642.0,0.4883,670.0,332.0,0.4955,27268.0,13310.0,0.4881
2015-01-05T10:00:00Z,2015-01-05T11:00:00+0100,63018.0,60159.0,37252.0,4770.0,0.128,27939.0,12310.0,0.4406,670.0,357.0,0.5323,27268.0,11953.0,0.4384
2015-01-05T11:00:00Z,2015-01-05T12:00:00+0100,62952.0,60634.0,37252.0,5870.0,0.1576,27939.0,11118.0,0.398,670.0,411.0,0.6139,27268.0,10707.0,0.3926
2015-01-05T12:00:00Z,2015-01-05T13:00:00+0100,62108.0,59365.0,37252.0,5666.0,0.1521,27939.0,9794.0,0.3506,670.0,387.0,0.5773,27268.0,9407.0,0.345
2015-01-05T13:00:00Z,2015-01-05T14:00:00+0100,61182.0,57531.0,37252.0,4095.0,0.11,27939.0,7868.0,0.2816,670.0,319.0,0.4768,27268.0,7548.0,0.2768
2015-01-05T14:00:00Z,2015-01-05T15:00:00+0100,60450.0,58483.0,37252.0,1788.0,0.048,27939.0,6205.0,0.2221,670.0,274.0,0.4083,27268.0,5931.0,0.2175
2015-01-05T15:00:00Z,2015-01-05T16:00:00+0100,61342.0,58322.0,37252.0,197.0,0.0053,27939.0,5077.0,0.1817,670.0,196.0,0.2922,27268.0,4881.0,0.179
2015-01-05T16:00:00Z,2015-01-05T17:00:00+0100,65130.0,59898.0,37252.0,0.0,0.0,27939.0,4507.0,0.1613,670.0,155.0,0.2308,27268.0,4353.0,0.1596
2015-01-05T17:00:00Z,2015-01-05T18:00:00+0100,64886.0,60886.0,37252.0,0.0,0.0,27939.0,4236.0,0.1516,670.0,157.0,0.2343,27268.0,4079.0,0.1496
2015-01-05T18:00:00Z,2015-01-05T19:00:00+0100,63242.0,60314.0,37252.0,0.0,0.0,27939.0,3924.0,0.1404,670.0,217.0,0.3238,27268.0,3707.0,0.1359
2015-01-05T19:00:00Z,2015-01-05T20:00:00+0100,59162.0,56842.0,37252.0,0.0,0.0,27939.0,3186.0,0.114,670.0,172.0,0.2563,27268.0,3014.0,0.1105
2015-01-05T20:00:00Z,2015-01-05T21:00:00+0100,56346.0,54007.0,37252.0,0.0,0.0,27939.0,2637.0,0.0943,670.0,157.0,0.2344,27268.0,2480.0,0.091
2015-01-05T21:00:00Z,2015-01-05T22:00:00+0100,54730.0,52061.0,37252.0,0.0,0.0,27939.0,2108.0,0.0754,670.0,174.0,0.2591,27268.0,1934.0,0.0709
2015-01-05T22:00:00Z,2015-01-05T23:00:00+0100,50564.0,47867.0,37252.0,0.0,0.0,27939.0,1810.0,0.0648,670.0,192.0,0.286,27268.0,1618.0,0.0593
2015-01-05T23:00:00Z,2015-01-06T00:00:00+0100,47317.0,45216.0,37253.0,0.0,0.0,27950.0,1491.0,0.0534,675.0,180.0,0.2662,27275.0,1311.0,0.0481
2015-01-06T00:00:00Z,2015-01-06T01:00:00+0100,45011.0,43978.0,37253.0,0.0,0.0,27950.0,1171.0,0.0419,675.0,160.0,0.2372,27275.0,1011.0,0.0371
2015-01-06T01:00:00Z,2015-01-06T02:00:00+0100,44015.0,42823.0,37253.0,0.0,0.0,27950.0,907.0,0.0324,675.0,144.0,0.2136,27275.0,763.0,0.028
2015-01-06T02:00:00Z,2015-01-06T03:00:00+0100,44049.0,42725.0,37253.0,0.0,0.0,27950.0,840.0,0.03,675.0,136.0,0.2022,27275.0,703.0,0.0258
2015-01-06T03:00:00Z,2015-01-06T04:00:00+0100,44730.0,43611.0,37253.0,0.0,0.0,27950.0,916.0,0.0328,675.0,152.0,0.2247,27275.0,764.0,0.028
2015-01-06T04:00:00Z,2015-01-06T05:00:00+0100,46416.0,45898.0,37253.0,0.0,0.0,27950.0,1102.0,0.0394,675.0,174.0,0.2582,27275.0,928.0,0.034
2015-01-06T05:00:00Z,2015-01-06T06:00:00+0100,50597.0,50679.0,37253.0,0.0,0.0,27950.0,1433.0,0.0513,675.0,199.0,0.2952,27275.0,1234.0,0.0452
2015-01-06T06:00:00Z,2015-01-06T07:00:00+0100,55697.0,55554.0,37253.0,0.0,0.0,27950.0,1793.0,0.0642,675.0,233.0,0.345,27275.0,1560.0,0.0572
2015-01-06T07:00:00Z,2015-01-06T08:00:00+0100,57954.0,58355.0,37253.0,183.0,0.0049,27950.0,2181.0,0.0781,675.0,236.0,0.349,27275.0,1946.0,0.0714
2015-01-06T08:00:00Z,2015-01-06T09:00:00+0100,59295.0,59792.0,37253.0,2055.0,0.0552,27950.0,2622.0,0.0938,675.0,231.0,0.3428,27275.0,2391.0,0.0876
2015-01-06T09:00:00Z,2015-01-06T10:00:00+0100,60723.0,61041.0,37253.0,4694.0,0.126,27950.0,3065.0,0.1097,675.0,261.0,0.386,27275.0,2804.0,0.1028
2015-01-06T10:00:00Z,2015-01-06T11:00:00+0100,61744.0,62314.0,37253.0,6658.0,0.1788,27950.0,3437.0,0.123,675.0,287.0,0.4258,27275.0,3150.0,0.1155
2015-01-06T11:00:00Z,2015-01-06T12:00:00+0100,61628.0,62186.0,37253.0,7272.0,0.1952,27950.0,3409.0,0.122,675.0,291.0,0.431,27275.0,3118.0,0.1143
2015-01-06T12:00:00Z,2015-01-06T13:00:00+0100,60697.0,61095.0,37253.0,6351.0,0.1705,27950.0,3773.0,0.135,675.0,282.0,0.4173,27275.0,3491.0,0.128
2015-01-06T13:00:00Z,2015-01-06T14:00:00+0100,59259.0,58462.0,37253.0,3958.0,0.1063,27950.0,4349.0,0.1556,675.0,290.0,0.4296,27275.0,4059.0,0.1488
2015-01-06T14:00:00Z,2015-01-06T15:00:00+0100,58836.0,59445.0,37253.0,1554.0,0.0417,27950.0,5189.0,0.1857,675.0,323.0,0.479,27275.0,4866.0,0.1784
2015-01-06T15:00:00Z,2015-01-06T16:00:00+0100,60089.0,59202.0,37253.0,163.0,0.0044,27950.0,6674.0,0.2388,675.0,372.0,0.5516,27275.0,6301.0,0.231
2015-01-06T16:00:00Z,2015-01-06T17:00:00+0100,63969.0,60849.0,37253.0,0.0,0.0,27950.0,8121.0,0.2905,675.0,403.0,0.5969,27275.0,7718.0,0.283
2015-01-06T17:00:00Z,2015-01-06T18:00:00+0100,64219.0,61763.0,37253.0,0.0,0.0,27950.0,9376.0,0.3355,675.0,393.0,0.5826,27275.0,8983.0,0.3293
2015-01-06T18:00:00Z,2015-01-06T19:00:00+0100,63346.0,61420.0,37253.0,0.0,0.0,27950.0,9575.0,0.3426,675.0,388.0,0.5742,27275.0,9187.0,0.3368
2015-01-06T19:00:00Z,2015-01-06T20:00:00+0100,59695.0,58256.0,37253.0,0.0,0.0,27950.0,9714.0,0.3476,675.0,424.0,0.6276,27275.0,9291.0,0.3406
2015-01-06T20:00:00Z,2015-01-06T21:00:00+0100,57114.0,55364.0,37253.0,0.0,0.0,27950.0,9263.0,0.3314,675.0,403.0,0.5971,27275.0,8860.0,0.3249
2015-01-06T21:00:00Z,2015-01-06T22:00:00+0100,54886.0,53446.0,37253.0,0.0,0.0,27950.0,9666.0,0.3458,675.0,450.0,0.6672,27275.0,9215.0,0.3379
2015-01-06T22:00:00Z,2015-01-06T23:00:00+0100,50639.0,49225.0,37253.0,0.0,0.0,27950.0,9524.0,0.3408,675.0,475.0,0.7032,27275.0,9050.0,0.3318
2015-01-06T23:00:00Z,2015-01-07T00:00:00+0100,47308.0,45968.0,37256.0,0.0,0.0,27957.0,9127.0,0.3264,675.0,483.0,0.7157,27281.0,8644.0,0.3168
2015-01-07T00:00:00Z,2015-01-07T01:00:00+0100,45125.0,43796.0,37256.0,0.0,0.0,27957.0,8514.0,0.3046,675.0,462.0,0.6841,27281.0,8052.0,0.2952
2015-01-07T01:00:00Z,2015-01-07T02:00:00+0100,44217.0,42782.0,37256.0,0.0,0.0,27957.0,8188.0,0.2929,675.0,391.0,0.5796,27281.0,7797.0,0.2858
2015-01-07T02:00:00Z,2015-01-07T03:00:00+0100,44368.0,42937.0,37256.0,0.0,0.0,27957.0,8711.0,0.3116,675.0,389.0,0.5763,27281.0,8322.0,0.305
2015-01-07T03:00:00Z,2015-01-07T04:00:00+0100,45298.0,44665.0,37256.0,0.0,0.0,27957.0,8753.0,0.3131,675.0,389.0,0.5759,27281.0,8365.0,0.3066
2015-01-07T04:00:00Z,2015-01-07T05:00:00+0100,48598.0,47122.0,37256.0,0.0,0.0,27957.0,8452.0,0.3023,675.0,328.0,0.4861,27281.0,8124.0,0.2978
2015-01-07T05:00:00Z,2015-01-07T06:00:00+0100,56626.0,52973.0,37256.0,0.0,0.0,27957.0,8458.0,0.3026,675.0,274.0,0.4056,27281.0,8184.0,0.3
2015-01-07T06:00:00Z,2015-01-07T07:00:00+0100,63293.0,58620.0,37256.0,0.0,0.0,27957.0,8066.0,0.2885,675.0,254.0,0.3756,27281.0,7812.0,0.2864
2015-01-07T07:00:00Z,2015-01-07T08:00:00+0100,65964.0,60736.0,37256.0,50.0,0.0014,27957.0,7725.0,0.2763,675.0,286.0,0.423,27281.0,7439.0,0.2727
2015-01-07T08:00:00Z,2015-01-07T09:00:00+0100,66400.0,61359.0,37256.0,609.0,0.0163,27957.0,7299.0,0.2611,675.0,350.0,0.5184,27281.0,6949.0,0.2547
2015-01-07T09:00:00Z,2015-01-07T10:00:00+0100,67746.0,62354.0,37256.0,1812.0,0.0486,27957.0,7114.0,0.2545,675.0,395.0,0.5852,27281.0,6719.0,0.2463
2015-01-07T10:00:00Z,2015-01-07T11:00:00+0100,68507.0,63591.0,37256.0,3060.0,0.0822,27957.0,7229.0,0.2586,675.0,477.0,0.7072,27281.0,6751.0,0.2475
2015-01-07T11:00:00Z,2015-01-07T12:00:00+0100,68100.0,63254.0,37256.0,3777.0,0.1014,27957.0,7460.0,0.2668,675.0,503.0,0.7457,27281.0,6956.0,0.255
2015-01-07T12:00:00Z,2015-01-07T13:00:00+0100,67248.0,62405.0,37256.0,3715.0,0.0997,27957.0,7775.0,0.2781,675.0,488.0,0.7225,27281.0,7288.0,0.2672
2015-01-07T13:00:00Z,2015-01-07T14:00:00+0100,66044.0,61972.0,37256.0,2800.0,0.0752,27957.0,7330.0,0.2622,675.0,495.0,0.7339,27281.0,6834.0,0.2505
2015-01-07T14:00:00Z,2015-01-07T15:00:00+0100,65496.0,61780.0,37256.0,1157.0,0.031,27957.0,7095.0,0.2538,675.0,509.0,0.7534,27281.0,6587.0,0.2414
2015-01-07T15:00:00Z,2015-01-07T16:00:00+0100,66191.0,62059.0,37256.0,134.0,0.0036,27957.0,7546.0,0.27,675.0,517.0,0.7666,27281.0,7029.0,0.2576
2015-01-07T16:00:00Z,2015-01-07T17:00:00+0100,69647.0,64334.0,37256.0,0.0,0.0,27957.0,8698.0,0.3111,675.0,524.0,0.7769,27281.0,8173.0,0.2996
2015-01-07T17:00:00Z,2015-01-07T18:00:00+0100,69425.0,64333.0,37256.0,0.0,0.0,27957.0,10209.0,0.3652,675.0,515.0,0.7623,27281.0,9694.0,0.3554
2015-01-07T18:00:00Z,2015-01-07T19:00:00+0100,67467.0,62484.0,37256.0,0.0,0.0,27957.0,11382.0,0.4071,675.0,525.0,0.7779,27281.0,10857.0,0.398
2015-01-07T19:00:00Z,2015-01-07T20:00:00+0100,63605.0,58405.0,37256.0,0.0,0.0,27957.0,12803.0,0.4579,675.0,535.0,0.7923,27281.0,12268.0,0.4497
2015-01-07T20:00:00Z,2015-01-07T21:00:00+0100,60469.0,55378.0,37256.0,0.0,0.0,27957.0,14009.0,0.5011,675.0,535.0,0.7929,27281.0,13474.0,0.4939
2015-01-07T21:00:00Z,2015-01-07T22:00:00+0100,58348.0,53229.0,37256.0,0.0,0.0,27957.0,14561.0,0.5208,675.0,535.0,0.7925,27281.0,14026.0,0.5142
2015-01-07T22:00:00Z,2015-01-07T23:00:00+0100,54070.0,49272.0,37256.0,0.0,0.0,27957.0,14790.0,0.529,675.0,535.0,0.7931,27281.0,14255.0,0.5226
2015-01-07T23:00:00Z,2015-01-08T00:00:00+0100,50460.0,47000.0,37258.0,0.0,0.0,27966.0,15037.0,0.5377,675.0,535.0,0.7926,27291.0,14502.0,0.5314
2015-01-08T00:00:00Z,2015-01-08T01:00:00+0100,48041.0,44924.0,37258.0,0.0,0.0,27966.0,15807.0,0.5652,675.0,534.0,0.7912,27291.0,15273.0,0.5596
2015-01-08T01:00:00Z,2015-01-08T02:00:00+0100,47074.0,43816.0,37258.0,0.0,0.0,27966.0,16449.0,0.5882,675.0,533.0,0.7902,27291.0,15915.0,0.5832
2015-01-08T02:00:00Z,2015-01-08T03:00:00+0100,47228.0,43962.0,37258.0,0.0,0.0,27966.0,16695.0,0.597,675.0,531.0,0.7868,27291.0,16164.0,0.5922
2015-01-08T03:00:00Z,2015-01-08T04:00:00+0100,48253.0,44861.0,37258.0,0.0,0.0,27966.0,16787.0,0.6002,675.0,529.0,0.7834,27291.0,16258.0,0.5958
2015-01-08T04:00:00Z,2015-01-08T05:00:00+0100,51155.0,47171.0,37258.0,0.0,0.0,27966.0,16751.0,0.599,675.0,532.0,0.7884,27291.0,16218.0,0.5943
2015-01-08T05:00:00Z,2015-01-08T06:00:00+0100,58605.0,51903.0,37258.0,0.0,0.0,27966.0,17496.0,0.6256,675.0,533.0,0.7903,27291.0,16962.0,0.6215
2015-01-08T06:00:00Z,2015-01-08T07:00:00+0100,65447.0,58272.0,37258.0,0.0,0.0,27966.0,18076.0,0.6464,675.0,534.0,0.7906,27291.0,17542.0,0.6428
2015-01-08T07:00:00Z,2015-01-08T08:00:00+0100,68569.0,60746.0,37258.0,57.0,0.0015,27966.0,18039.0,0.645,675.0,536.0,0.7941,27291.0,17503.0,0.6413
2015-01-08T08:00:00Z,2015-01-08T09:00:00+0100,68599.0,61456.0,37258.0,446.0,0.012,27966.0,18177.0,0.65,675.0,527.0,0.7811,27291.0,17649.0,0.6467
2015-01-08T09:00:00Z,2015-01-08T10:00:00+0100,69484.0,62296.0,37258.0,1083.0,0.029,27966.0,18094.0,0.647,675.0,529.0,0.7833,27291.0,17566.0,0.6437
2015-01-08T10:00:00Z,2015-01-08T11:00:00+0100,70635.0,63733.0,37258.0,1738.0,0.0467,27966.0,17924.0,0.6409,675.0,524.0,0.7769,27291.0,17400.0,0.6376
2015-01-08T11:00:00Z,2015-01-08T12:00:00+0100,69962.0,63358.0,37258.0,2062.0,0.0554,27966.0,17249.0,0.6168,675.0,474.0,0.7026,27291.0,16774.0,0.6147
2015-01-08T12:00:00Z,2015-01-08T13:00:00+0100,69062.0,61195.0,37258.0,1702.0,0.0457,27966.0,16601.0,0.5936,675.0,451.0,0.6682,27291.0,16150.0,0.5918
2015-01-08T13:00:00Z,2015-01-08T14:00:00+0100,67835.0,60291.0,37258.0,1039.0,0.0279,27966.0,16519.0,0.5907,675.0,433.0,0.641,27291.0,16086.0,0.5894
2015-01-08T14:00:00Z,2015-01-08T15:00:00+0100,67765.0,60529.0,37258.0,414.0,0.0111,27966.0,15881.0,0.5679,675.0,425.0,0.6294,27291.0,15457.0,0.5663
2015-01-08T15:00:00Z,2015-01-08T16:00:00+0100,68183.0,61036.0,37258.0,58.0,0.0016,27966.0,16707.0,0.5974,675.0,482.0,0.7143,27291.0,16225.0,0.5945
2015-01-08T16:00:00Z,2015-01-08T17:00:00+0100,70139.0,63836.0,37258.0,0.0,0.0,27966.0,16975.0,0.607,675.0,527.0,0.781,27291.0,16448.0,0.6027
2015-01-08T17:00:00Z,2015-01-08T18:00:00+0100,69246.0,64305.0,37258.0,0.0,0.0,27966.0,18201.0,0.6508,675.0,528.0,0.7816,27291.0,17674.0,0.6476
2015-01-08T18:00:00Z,2015-01-08T19:00:00+0100,67516.0,62821.0,37258.0,0.0,0.0,27966.0,19836.0,0.7093,675.0,526.0,0.7788,27291.0,19310.0,0.7076
2015-01-08T19:00:00Z,2015-01-08T20:00:00+0100,62992.0,58975.0,37258.0,0.0,0.0,27966.0,21336.0,0.7629,675.0,527.0,0.7814,27291.0,20809.0,0.7624
2015-01-08T20:00:00Z,2015-01-08T21:00:00+0100,59524.0,55576.0,37258.0,0.0,0.0,27966.0,22571.0,0.8071,675.0,529.0,0.7842,27291.0,22042.0,0.8076
2015-01-08T21:00:00Z,2015-01-08T22:00:00+0100,57518.0,53694.0,37258.0,0.0,0.0,27966.0,22747.0,0.8134,675.0,529.0,0.7839,27291.0,22218.0,0.8141
2015-01-08T22:00:00Z,2015-01-08T23:00:00+0100,53026.0,49908.0,37258.0,0.0,0.0,27966.0,22911.0,0.8192,675.0,526.0,0.7799,27291.0,22384.0,0.8202
2015-01-08T23:00:00Z,2015-01-09T00:00:00+0100,48517.0,46623.0,37260.0,0.0,0.0,27972.0,22489.0,0.804,675.0,521.0,0.7713,27296.0,21968.0,0.8048
2015-01-09T00:00:00Z,2015-01-09T01:00:00+0100,46472.0,45327.0,37260.0,0.0,0.0,27972.0,22208.0,0.7939,675.0,529.0,0.783,27296.0,21679.0,0.7942
2015-01-09T01:00:00Z,2015-01-09T02:00:00+0100,45546.0,44308.0,37260.0,0.0,0.0,27972.0,22583.0,0.8074,675.0,533.0,0.7892,27296.0,22051.0,0.8078
2015-01-09T02:00:00Z,2015-01-09T03:00:00+0100,45568.0,44619.0,37260.0,0.0,0.0,27972.0,23691.0,0.847,675.0,533.0,0.7891,27296.0,23158.0,0.8484
2015-01-09T03:00:00Z,2015-01-09T04:00:00+0100,46950.0,46196.0,37260.0,0.0,0.0,27972.0,25057.0,0.8958,675.0,525.0,0.7772,27296.0,24532.0,0.8988
2015-01-09T04:00:00Z,2015-01-09T05:00:00+0100,50426.0,48376.0,37260.0,0.0,0.0,27972.0,26415.0,0.9443,675.0,403.0,0.5976,27296.0,26011.0,0.953
2015-01-09T05:00:00Z,2015-01-09T06:00:00+0100,58351.0,53388.0,37260.0,0.0,0.0,27972.0,27400.0,0.9796,675.0,254.0,0.3763,27296.0,27146.0,0.9945
2015-01-09T06:00:00Z,2015-01-09T07:00:00+0100,65555.0,60045.0,37260.0,0.0,0.0,27972.0,28102.0,1.0046,675.0,191.0,0.2835,27296.0,27911.0,1.0225
2015-01-09T07:00:00Z,2015-01-09T08:00:00+0100,69326.0,62847.0,37260.0,54.0,0.0014,27972.0,28930.0,1.0343,675.0,174.0,0.2584,27296.0,28756.0,1.0535
2015-01-09T08:00:00Z,2015-01-09T09:00:00+0100,69495.0,63250.0,37260.0,421.0,0.0113,27972.0,29704.0,1.0619,675.0,159.0,0.2349,27296.0,29545.0,1.0824
2015-01-09T09:00:00Z,2015-01-09T10:00:00+0100,70357.0,63639.0,37260.0,974.0,0.0261,27972.0,29755.0,1.0637,675.0,188.0,0.2789,27296.0,29566.0,1.0832
2015-01-09T10:00:00Z,2015-01-09T11:00:00+0100,70829.0,64733.0,37260.0,1398.0,0.0375,27972.0,29097.0,1.0402,675.0,139.0,0.2058,27296.0,28958.0,1.0609
2015-01-09T11:00:00Z,2015-01-09T12:00:00+0100,69565.0,63920.0,37260.0,1473.0,0.0396,27972.0,29389.0,1.0506,675.0,192.0,0.2841,27296.0,29197.0,1.0696
2015-01-09T12:00:00Z,2015-01-09T13:00:00+0100,68267.0,61499.0,37260.0,1235.0,0.0331,27972.0,29671.0,1.0608,675.0,224.0,0.332,27296.0,29447.0,1.0788
2015-01-09T13:00:00Z,2015-01-09T14:00:00+0100,66887.0,60900.0,37260.0,870.0,0.0234,27972.0,29948.0,1.0706,675.0,249.0,0.3687,27296.0,29699.0,1.088
2015-01-09T14:00:00Z,2015-01-09T15:00:00+0100,66518.0,60830.0,37260.0,351.0,0.0094,27972.0,30155.0,1.078,675.0,450.0,0.6667,27296.0,29705.0,1.0883
2015-01-09T15:00:00Z,2015-01-09T16:00:00+0100,67566.0,61309.0,37260.0,46.0,0.0012,27972.0,30151.0,1.0779,675.0,490.0,0.7265,27296.0,29661.0,1.0867
2015-01-09T16:00:00Z,2015-01-09T17:00:00+0100,70120.0,63877.0,37260.0,0.0,0.0,27972.0,29928.0,1.0699,675.0,505.0,0.7477,27296.0,29423.0,1.0779
2015-01-09T17:00:00Z,2015-01-09T18:00:00+0100,69465.0,64149.0,37260.0,0.0,0.0,27972.0,28857.0,1.0316,675.0,501.0,0.7415,27296.0,28356.0,1.0388
2015-01-09T18:00:00Z,2015-01-09T19:00:00+0100,66230.0,62803.0,37260.0,0.0,0.0,27972.0,27610.0,0.9871,675.0,505.0,0.748,27296.0,27106.0,0.993
2015-01-09T19:00:00Z,2015-01-09T20:00:00+0100,61923.0,59255.0,37260.0,0.0,0.0,27972.0,26129.0,0.9341,675.0,480.0,0.711,27296.0,25649.0,0.9397
2015-01-09T20:00:00Z,2015-01-09T21:00:00+0100,58868.0,55100.0,37260.0,0.0,0.0,27972.0,23946.0,0.8561,675.0,388.0,0.5745,27296.0,23559.0,0.8631
2015-01-09T21:00:00Z,2015-01-09T22:00:00+0100,55441.0,52338.0,37260.0,0.0,0.0,27972.0,21901.0,0.7829,675.0,296.0,0.4383,27296.0,21605.0,0.7915
2015-01-09T22:00:00Z,2015-01-09T23:00:00+0100,51740.0,50094.0,37260.0,0.0,0.0,27972.0,21036.0,0.752,675.0,374.0,0.5538,27296.0,20662.0,0.757
2015-01-09T23:00:00Z,2015-01-10T00:00:00+0100,47944.0,47723.0,37260.0,0.0,0.0,27972.0,20066.0,0.7173,675.0,462.0,0.6846,27296.0,19604.0,0.7182
2015-01-10T00:00:00Z,2015-01-10T01:00:00+0100,45889.0,46464.0,37260.0,0.0,0.0,27972.0,20244.0,0.7237,675.0,488.0,0.7235,27296.0,19756.0,0.7238
2015-01-10T01:00:00Z,2015-01-10T02:00:00+0100,44455.0,45167.0,37260.0,0.0,0.0,27972.0,20546.0,0.7345,675.0,501.0,0.7424,27296.0,20045.0,0.7343
2015-01-10T02:00:00Z,2015-01-10T03:00:00+0100,43933.0,45025.0,37260.0,0.0,0.0,27972.0,21921.0,0.7837,675.0,498.0,0.7381,27296.0,21423.0,0.7849
2015-01-10T03:00:00Z,2015-01-10T04:00:00+0100,43836.0,45633.0,37260.0,0.0,0.0,27972.0,23217.0,0.83,675.0,486.0,0.7193,27296.0,22731.0,0.8327
2015-01-10T04:00:00Z,2015-01-10T05:00:00+0100,43841.0,45379.0,37260.0,0.0,0.0,27972.0,24259.0,0.8672,675.0,488.0,0.7223,27296.0,23771.0,0.8709
2015-01-10T05:00:00Z,2015-01-10T06:00:00+0100,44671.0,45736.0,37260.0,0.0,0.0,27972.0,26163.0,0.9353,675.0,474.0,0.7016,27296.0,25689.0,0.9412
2015-01-10T06:00:00Z,2015-01-10T07:00:00+0100,48011.0,48758.0,37260.0,0.0,0.0,27972.0,27333.0,0.9772,675.0,295.0,0.4376,27296.0,27037.0,0.9906
2015-01-10T07:00:00Z,2015-01-10T08:00:00+0100,52333.0,52161.0,37260.0,54.0,0.0014,27972.0,28275.0,1.0108,675.0,202.0,0.2991,27296.0,28073.0,1.0285
2015-01-10T08:00:00Z,2015-01-10T09:00:00+0100,55587.0,55058.0,37260.0,549.0,0.0148,27972.0,28573.0,1.0215,675.0,182.0,0.2692,27296.0,28391.0,1.0401
2015-01-10T09:00:00Z,2015-01-10T10:00:00+0100,57068.0,56623.0,37260.0,2017.0,0.0541,27972.0,28972.0,1.0358,675.0,163.0,0.2419,27296.0,28809.0,1.0554
2015-01-10T10:00:00Z,2015-01-10T11:00:00+0100,58679.0,58080.0,37260.0,4231.0,0.1135,27972.0,29416.0,1.0516,675.0,154.0,0.2276,27296.0,29262.0,1.072
2015-01-10T11:00:00Z,2015-01-10T12:00:00+0100,59031.0,57205.0,37260.0,5278.0,0.1416,27972.0,29437.0,1.0524,675.0,242.0,0.3588,27296.0,29195.0,1.0696
2015-01-10T12:00:00Z,2015-01-10T13:00:00+0100,57469.0,55646.0,37260.0,4540.0,0.1218,27972.0,29058.0,1.0388,675.0,213.0,0.3163,27296.0,28844.0,1.0567
2015-01-10T13:00:00Z,2015-01-10T14:00:00+0100,55753.0,54834.0,37260.0,2758.0,0.074,27972.0,28893.0,1.033,675.0,127.0,0.1888,27296.0,28765.0,1.0538
2015-01-10T14:00:00Z,2015-01-10T15:00:00+0100,54425.0,53909.0,37260.0,961.0,0.0258,27972.0,28518.0,1.0195,675.0,145.0,0.2151,27296.0,28372.0,1.0394
2015-01-10T15:00:00Z,2015-01-10T16:00:00+0100,55698.0,55688.0,37260.0,85.0,0.0023,27972.0,28528.0,1.0199,675.0,117.0,0.1734,27296.0,28411.0,1.0408
2015-01-10T16:00:00Z,2015-01-10T17:00:00+0100,59546.0,58009.0,37260.0,0.0,0.0,27972.0,28306.0,1.0119,675.0,119.0,0.1764,27296.0,28187.0,1.0327
2015-01-10T17:00:00Z,2015-01-10T18:00:00+0100,59665.0,58349.0,37260.0,0.0,0.0,27972.0,27903.0,0.9976,675.0,138.0,0.204,27296.0,27765.0,1.0172
2015-01-10T18:00:00Z,2015-01-10T19:00:00+0100,57456.0,56280.0,37260.0,0.0,0.0,27972.0,27538.0,0.9845,675.0,155.0,0.23,27296.0,27383.0,1.0032
2015-01-10T19:00:00Z,2015-01-10T20:00:00+0100,53439.0,52931.0,37260.0,0.0,0.0,27972.0,26991.0,0.9649,675.0,180.0,0.266,27296.0,26811.0,0.9822
2015-01-10T20:00:00Z,2015-01-10T21:00:00+0100,51071.0,50829.0,37260.0,0.0,0.0,27972.0,26413.0,0.9442,675.0,182.0,0.2694,27296.0,26231.0,0.961
2015-01-10T21:00:00Z,2015-01-10T22:00:00+0100,50351.0,50419.0,37260.0,0.0,0.0,27972.0,25282.0,0.9038,675.0,220.0,0.3259,27296.0,25062.0,0.9182
2015-01-10T22:00:00Z,2015-01-10T23:00:00+0100,47188.0,48050.0,37260.0,0.0,0.0,27972.0,24714.0,0.8835,675.0,273.0,0.405,27296.0,24441.0,0.8954
2015-01-10T23:00:00Z,2015-01-11T00:00:00+0100,43422.0,45124.0,37260.0,0.0,0.0,27972.0,24177.0,0.8643,675.0,307.0,0.4549,27296.0,23870.0,0.8745
2015-01-11T00:00:00Z,2015-01-11T01:00:00+0100,41048.0,42726.0,37260.0,0.0,0.0,27972.0,23990.0,0.8577,675.0,288.0,0.4271,27296.0,23702.0,0.8684
2015-01-11T01:00:00Z,2015-01-11T02:00:00+0100,39718.0,41490.0,37260.0,0.0,0.0,27972.0,23304.0,0.8332,675.0,296.0,0.438,27296.0,23009.0,0.8429
2015-01-11T02:00:00Z,2015-01-11T03:00:00+0100,39187.0,41680.0,37260.0,0.0,0.0,27972.0,23096.0,0.8257,675.0,334.0,0.4952,27296.0,22761.0,0.8338
2015-01-11T03:00:00Z,2015-01-11T04:00:00+0100,39643.0,41889.0,37260.0,0.0,0.0,27972.0,23358.0,0.835,675.0,386.0,0.5716,27296.0,22973.0,0.8416
2015-01-11T04:00:00Z,2015-01-11T05:00:00+0100,39494.0,41743.0,37260.0,0.0,0.0,27972.0,23626.0,0.8446,675.0,409.0,0.6053,27296.0,23217.0,0.8506
2015-01-11T05:00:00Z,2015-01-11T06:00:00+0100,38786.0,41098.0,37260.0,0.0,0.0,27972.0,24642.0,0.881,675.0,381.0,0.5651,27296.0,24260.0,0.8888
2015-01-11T06:00:00Z,2015-01-11T07:00:00+0100,40821.0,42868.0,37260.0,0.0,0.0,27972.0,25338.0,0.9058,675.0,412.0,0.6097,27296.0,24927.0,0.9132
2015-01-11T07:00:00Z,2015-01-11T08:00:00+0100,44081.0,45537.0,37260.0,124.0,0.0033,27972.0,26313.0,0.9407,675.0,440.0,0.6521,27296.0,25873.0,0.9478
2015-01-11T08:00:00Z,2015-01-11T09:00:00+0100,47653.0,48479.0,37260.0,1074.0,0.0288,27972.0,26486.0,0.9469,675.0,384.0,0.5694,27296.0,26102.0,0.9563
2015-01-11T09:00:00Z,2015-01-11T10:00:00+0100,51246.0,50668.0,37260.0,2469.0,0.0663,27972.0,27234.0,0.9736,675.0,389.0,0.5768,27296.0,26845.0,0.9835
2015-01-11T10:00:00Z,2015-01-11T11:00:00+0100,54420.0,53165.0,37260.0,3410.0,0.0915,27972.0,27728.0,0.9913,675.0,421.0,0.6235,27296.0,27307.0,1.0004
2015-01-11T11:00:00Z,2015-01-11T12:00:00+0100,54436.0,53107.0,37260.0,4121.0,0.1106,27972.0,28164.0,1.0069,675.0,303.0,0.4492,27296.0,27861.0,1.0207
2015-01-11T12:00:00Z,2015-01-11T13:00:00+0100,52716.0,51108.0,37260.0,3981.0,0.1068,27972.0,28334.0,1.0129,675.0,334.0,0.4953,27296.0,28000.0,1.0258
2015-01-11T13:00:00Z,2015-01-11T14:00:00+0100,51569.0,49639.0,37260.0,3024.0,0.0812,27972.0,28516.0,1.0195,675.0,307.0,0.455,27296.0,28209.0,1.0334
2015-01-11T14:00:00Z,2015-01-11T15:00:00+0100,51194.0,49315.0,37260.0,1424.0,0.0382,27972.0,28205.0,1.0084,675.0,371.0,0.5497,27296.0,27834.0,1.0197
2015-01-11T15:00:00Z,2015-01-11T16:00:00+0100,52466.0,50397.0,37260.0,180.0,0.0048,27972.0,27910.0,0.9978,675.0,425.0,0.6299,27296.0,27484.0,1.0069
2015-01-11T16:00:00Z,2015-01-11T17:00:00+0100,57143.0,54906.0,37260.0,4.0,0.0001,27972.0,28319.0,1.0124,675.0,457.0,0.6769,27296.0,27862.0,1.0207
2015-01-11T17:00:00Z,2015-01-11T18:00:00+0100,58328.0,56458.0,37260.0,0.0,0.0,27972.0,28254.0,1.0101,675.0,479.0,0.7098,27296.0,27775.0,1.0176
2015-01-11T18:00:00Z,2015-01-11T19:00:00+0100,56551.0,55327.0,37260.0,0.0,0.0,27972.0,28342.0,1.0132,675.0,483.0,0.7158,27296.0,27859.0,1.0206
2015-01-11T19:00:00Z,2015-01-11T20:00:00+0100,53601.0,52498.0,37260.0,0.0,0.0,27972.0,27719.0,0.9909,675.0,485.0,0.7186,27296.0,27234.0,0.9977
2015-01-11T20:00:00Z,2015-01-11T21:00:00+0100,51979.0,50954.0,37260.0,0.0,0.0,27972.0,26743.0,0.956,675.0,486.0,0.7198,27296.0,26257.0,0.962
2015-01-11T21:00:00Z,2015-01-11T22:00:00+0100,52143.0,50990.0,37260.0,0.0,0.0,27972.0,25379.0,0.9073,675.0,487.0,0.7216,27296.0,24892.0,0.9119
2015-01-11T22:00:00Z,2015-01-11T23:00:00+0100,48829.0,48127.0,37260.0,0.0,0.0,27972.0,24797.0,0.8865,675.0,486.0,0.7201,27296.0,24311.0,0.8906
2015-01-11T23:00:00Z,2015-01-12T00:00:00+0100,45904.0,45185.0,37263.0,0.0,0.0,27976.0,24581.0,0.8786,675.0,491.0,0.7275,27301.0,24090.0,0.8824
2015-01-12T00:00:00Z,2015-01-12T01:00:00+0100,44192.0,43428.0,37263.0,0.0,0.0,27976.0,24303.0,0.8687,675.0,492.0,0.7293,27301.0,23811.0,0.8722
2015-01-12T01:00:00Z,2015-01-12T02:00:00+0100,43720.0,42625.0,37263.0,0.0,0.0,27976.0,23316.0,0.8334,675.0,492.0,0.7288,27301.0,22824.0,0.836
2015-01-12T02:00:00Z,2015-01-12T03:00:00+0100,44011.0,42934.0,37263.0,0.0,0.0,27976.0,22426.0,0.8016,675.0,492.0,0.7291,27301.0,21934.0,0.8034
2015-01-12T03:00:00Z,2015-01-12T04:00:00+0100,45401.0,44453.0,37263.0,0.0,0.0,27976.0,22173.0,0.7926,675.0,493.0,0.7302,27301.0,21680.0,0.7941
2015-01-12T04:00:00Z,2015-01-12T05:00:00+0100,49613.0,47843.0,37263.0,0.0,0.0,27976.0,22966.0,0.8209,675.0,492.0,0.7293,27301.0,22474.0,0.8232
2015-01-12T05:00:00Z,2015-01-12T06:00:00+0100,58225.0,55432.0,37263.0,0.0,0.0,27976.0,24759.0,0.885,675.0,489.0,0.7249,27301.0,24269.0,0.8889
2015-01-12T06:00:00Z,2015-01-12T07:00:00+0100,66110.0,61972.0,37263.0,0.0,0.0,27976.0,25598.0,0.915,675.0,490.0,0.7258,27301.0,25108.0,0.9197
2015-01-12T07:00:00Z,2015-01-12T08:00:00+0100,69474.0,65054.0,37263.0,82.0,0.0022,27976.0,26158.0,0.935,675.0,487.0,0.7216,27301.0,25671.0,0.9402
2015-01-12T08:00:00Z,2015-01-12T09:00:00+0100,69448.0,65964.0,37263.0,556.0,0.0149,27976.0,26580.0,0.9501,675.0,488.0,0.7232,27301.0,26092.0,0.9557
2015-01-12T09:00:00Z,2015-01-12T10:00:00+0100,70736.0,67170.0,37263.0,1418.0,0.038,27976.0,27864.0,0.996,675.0,492.0,0.7285,27301.0,27372.0,1.0026
2015-01-12T10:00:00Z,2015-01-12T11:00:00+0100,72115.0,68290.0,37263.0,2113.0,0.0567,27976.0,28664.0,1.0246,675.0,491.0,0.7281,27301.0,28173.0,1.0319
2015-01-12T11:00:00Z,2015-01-12T12:00:00+0100,72023.0,68444.0,37263.0,2350.0,0.0631,27976.0,28914.0,1.0335,675.0,487.0,0.7214,27301.0,28427.0,1.0412
2015-01-12T12:00:00Z,2015-01-12T13:00:00+0100,71376.0,67318.0,37263.0,2238.0,0.0601,27976.0,29011.0,1.037,675.0,461.0,0.6825,27301.0,28551.0,1.0458
2015-01-12T13:00:00Z,2015-01-12T14:00:00+0100,70197.0,65433.0,37263.0,1486.0,0.0399,27976.0,28920.0,1.0337,675.0,452.0,0.6704,27301.0,28468.0,1.0428
2015-01-12T14:00:00Z,2015-01-12T15:00:00+0100,69066.0,66377.0,37263.0,640.0,0.0172,27976.0,28964.0,1.0353,675.0,469.0,0.6955,27301.0,28494.0,1.0437
2015-01-12T15:00:00Z,2015-01-12T16:00:00+0100,69524.0,66109.0,37263.0,140.0,0.0038,27976.0,28393.0,1.0149,675.0,486.0,0.7193,27301.0,27908.0,1.0222
2015-01-12T16:00:00Z,2015-01-12T17:00:00+0100,71371.0,68752.0,37263.0,2.0,0.0,27976.0,27912.0,0.9977,675.0,489.0,0.7249,27301.0,27423.0,1.0045
2015-01-12T17:00:00Z,2015-01-12T18:00:00+0100,71236.0,68891.0,37263.0,0.0,0.0,27976.0,27768.0,0.9926,675.0,497.0,0.7363,27301.0,27271.0,0.9989
2015-01-12T18:00:00Z,2015-01-12T19:00:00+0100,69205.0,67173.0,37263.0,0.0,0.0,27976.0,28101.0,1.0045,675.0,503.0,0.7457,27301.0,27598.0,1.0109
2015-01-12T19:00:00Z,2015-01-12T20:00:00+0100,64685.0,62977.0,37263.0,0.0,0.0,27976.0,28060.0,1.003,675.0,506.0,0.7495,27301.0,27554.0,1.0093
2015-01-12T20:00:00Z,2015-01-12T21:00:00+0100,61344.0,59797.0,37263.0,0.0,0.0,27976.0,27659.0,0.9886,675.0,485.0,0.7181,27301.0,27174.0,0.9954
2015-01-12T21:00:00Z,2015-01-12T22:00:00+0100,58672.0,56882.0,37263.0,0.0,0.0,27976.0,26143.0,0.9345,675.0,489.0,0.7242,27301.0,25654.0,0.9397
2015-01-12T22:00:00Z,2015-01-12T23:00:00+0100,54030.0,51716.0,37263.0,0.0,0.0,27976.0,24408.0,0.8725,675.0,457.0,0.6767,27301.0,23951.0,0.8773
2015-01-12T23:00:00Z,2015-01-13T00:00:00+0100,50153.0,47575.0,37264.0,0.0,0.0,27982.0,22772.0,0.8138,675.0,383.0,0.5669,27306.0,22389.0,0.82
2015-01-13T00:00:00Z,2015-01-13T01:00:00+0100,48218.0,46714.0,37264.0,0.0,0.0,27982.0,21349.0,0.7629,675.0,364.0,0.5392,27306.0,20985.0,0.7685
2015-01-13T01:00:00Z,2015-01-13T02:00:00+0100,47184.0,45719.0,37264.0,0.0,0.0,27982.0,20290.0,0.7251,675.0,365.0,0.5404,27306.0,19925.0,0.7297
2015-01-13T02:00:00Z,2015-01-13T03:00:00+0100,47064.0,45932.0,37264.0,0.0,0.0,27982.0,20158.0,0.7204,675.0,309.0,0.4576,27306.0,19849.0,0.7269
2015-01-13T03:00:00Z,2015-01-13T04:00:00+0100,48760.0,47249.0,37264.0,0.0,0.0,27982.0,20926.0,0.7478,675.0,205.0,0.3043,27306.0,20720.0,0.7588
2015-01-13T04:00:00Z,2015-01-13T05:00:00+0100,51849.0,50147.0,37264.0,0.0,0.0,27982.0,21995.0,0.786,675.0,200.0,0.2962,27306.0,21795.0,0.7982
2015-01-13T05:00:00Z,2015-01-13T06:00:00+0100,59116.0,56158.0,37264.0,0.0,0.0,27982.0,23468.0,0.8387,675.0,314.0,0.4652,27306.0,23154.0,0.848
2015-01-13T06:00:00Z,2015-01-13T07:00:00+0100,66543.0,62087.0,37264.0,0.0,0.0,27982.0,24427.0,0.873,675.0,399.0,0.5915,27306.0,24028.0,0.88
2015-01-13T07:00:00Z,2015-01-13T08:00:00+0100,68723.0,64632.0,37264.0,515.0,0.0138,27982.0,25374.0,0.9068,675.0,475.0,0.7035,27306.0,24899.0,0.9118
2015-01-13T08:00:00Z,2015-01-13T09:00:00+0100,68327.0,65267.0,37264.0,3431.0,0.0921,27982.0,25191.0,0.9003,675.0,491.0,0.7278,27306.0,24700.0,0.9046
2015-01-13T09:00:00Z,2015-01-13T10:00:00+0100,68374.0,66079.0,37264.0,6927.0,0.1859,27982.0,25284.0,0.9036,675.0,499.0,0.7389,27306.0,24785.0,0.9077
2015-01-13T10:00:00Z,2015-01-13T11:00:00+0100,68865.0,67011.0,37264.0,9543.0,0.2561,27982.0,25051.0,0.8952,675.0,493.0,0.7302,27306.0,24558.0,0.8994
2015-01-13T11:00:00Z,2015-01-13T12:00:00+0100,68469.0,66880.0,37264.0,10623.0,0.2851,27982.0,24225.0,0.8657,675.0,474.0,0.7017,27306.0,23751.0,0.8698
2015-01-13T12:00:00Z,2015-01-13T13:00:00+0100,67876.0,65844.0,37264.0,9433.0,0.2532,27982.0,22924.0,0.8192,675.0,468.0,0.6928,27306.0,22457.0,0.8224
2015-01-13T13:00:00Z,2015-01-13T14:00:00+0100,65875.0,63216.0,37264.0,6589.0,0.1768,27982.0,22135.0,0.791,675.0,428.0,0.6334,27306.0,21707.0,0.795
2015-01-13T14:00:00Z,2015-01-13T15:00:00+0100,65983.0,64524.0,37264.0,2899.0,0.0778,27982.0,21597.0,0.7718,675.0,463.0,0.6866,27306.0,21134.0,0.774
2015-01-13T15:00:00Z,2015-01-13T16:00:00+0100,66634.0,64841.0,37264.0,320.0,0.0086,27982.0,20710.0,0.7401,675.0,448.0,0.664,27306.0,20261.0,0.742
2015-01-13T16:00:00Z,2015-01-13T17:00:00+0100,70119.0,68030.0,37264.0,3.0,0.0001,27982.0,19791.0,0.7073,675.0,402.0,0.5962,27306.0,19388.0,0.7101
2015-01-13T17:00:00Z,2015-01-13T18:00:00+0100,69850.0,68683.0,37264.0,0.0,0.0,27982.0,19299.0,0.6897,675.0,419.0,0.6212,27306.0,18879.0,0.6914
2015-01-13T18:00:00Z,2015-01-13T19:00:00+0100,67174.0,66243.0,37264.0,0.0,0.0,27982.0,18779.0,0.6711,675.0,351.0,0.5204,27306.0,18427.0,0.6748
2015-01-13T19:00:00Z,2015-01-13T20:00:00+0100,62622.0,61808.0,37264.0,0.0,0.0,27982.0,17763.0,0.6348,675.0,301.0,0.4462,27306.0,17462.0,0.6395
2015-01-13T20:00:00Z,2015-01-13T21:00:00+0100,59175.0,58761.0,37264.0,0.0,0.0,27982.0,18305.0,0.6542,675.0,249.0,0.3692,27306.0,18056.0,0.6612
2015-01-13T21:00:00Z,2015-01-13T22:00:00+0100,56499.0,56500.0,37264.0,0.0,0.0,27982.0,18439.0,0.6589,675.0,256.0,0.3788,27306.0,18183.0,0.6659
2015-01-13T22:00:00Z,2015-01-13T23:00:00+0100,51949.0,51583.0,37264.0,0.0,0.0,27982.0,17690.0,0.6322,675.0,185.0,0.2734,27306.0,17505.0,0.6411
2015-01-13T23:00:00Z,2015-01-14T00:00:00+0100,47556.0,50246.0,37266.0,0.0,0.0,27988.0,16563.0,0.5918,675.0,214.0,0.3176,27312.0,16349.0,0.5986
2015-01-14T00:00:00Z,2015-01-14T01:00:00+0100,45320.0,47778.0,37266.0,0.0,0.0,27988.0,15740.0,0.5623,675.0,275.0,0.4075,27312.0,15464.0,0.5662
2015-01-14T01:00:00Z,2015-01-14T02:00:00+0100,44513.0,46681.0,37266.0,0.0,0.0,27988.0,14702.0,0.5253,675.0,278.0,0.4122,27312.0,14423.0,0.5281
2015-01-14T02:00:00Z,2015-01-14T03:00:00+0100,45026.0,46849.0,37266.0,0.0,0.0,27988.0,14770.0,0.5277,675.0,290.0,0.4298,27312.0,14479.0,0.5302
2015-01-14T03:00:00Z,2015-01-14T04:00:00+0100,46695.0,48861.0,37266.0,0.0,0.0,27988.0,15447.0,0.5519,675.0,307.0,0.4553,27312.0,15140.0,0.5544
2015-01-14T04:00:00Z,2015-01-14T05:00:00+0100,50345.0,52102.0,37266.0,0.0,0.0,27988.0,16940.0,0.6053,675.0,307.0,0.4552,27312.0,16633.0,0.609
2015-01-14T05:00:00Z,2015-01-14T06:00:00+0100,58474.0,59132.0,37266.0,0.0,0.0,27988.0,18838.0,0.6731,675.0,250.0,0.37,27312.0,18589.0,0.6806
2015-01-14T06:00:00Z,2015-01-14T07:00:00+0100,65984.0,65868.0,37266.0,0.0,0.0,27988.0,21319.0,0.7617,675.0,269.0,0.3986,27312.0,21050.0,0.7707
2015-01-14T07:00:00Z,2015-01-14T08:00:00+0100,68576.0,68375.0,37266.0,165.0,0.0044,27988.0,22069.0,0.7885,675.0,308.0,0.4568,27312.0,21761.0,0.7968
2015-01-14T08:00:00Z,2015-01-14T09:00:00+0100,67873.0,68459.0,37266.0,1341.0,0.036,27988.0,21945.0,0.7841,675.0,356.0,0.5274,27312.0,21589.0,0.7905
2015-01-14T09:00:00Z,2015-01-14T10:00:00+0100,68878.0,68994.0,37266.0,3027.0,0.0812,27988.0,21384.0,0.764,675.0,375.0,0.5562,27312.0,21008.0,0.7692
2015-01-14T10:00:00Z,2015-01-14T11:00:00+0100,69582.0,70212.0,37266.0,3712.0,0.0996,27988.0,21012.0,0.7508,675.0,358.0,0.5302,27312.0,20654.0,0.7562
2015-01-14T11:00:00Z,2015-01-14T12:00:00+0100,68658.0,69340.0,37266.0,3482.0,0.0935,27988.0,20699.0,0.7396,675.0,413.0,0.6112,27312.0,20287.0,0.7428
2015-01-14T12:00:00Z,2015-01-14T13:00:00+0100,68577.0,68222.0,37266.0,3150.0,0.0845,27988.0,19065.0,0.6812,675.0,424.0,0.628,27312.0,18641.0,0.6825
2015-01-14T13:00:00Z,2015-01-14T14:00:00+0100,67760.0,67330.0,37266.0,2195.0,0.0589,27988.0,16710.0,0.5971,675.0,427.0,0.6325,27312.0,16284.0,0.5962
2015-01-14T14:00:00Z,2015-01-14T15:00:00+0100,67144.0,66976.0,37266.0,895.0,0.024,27988.0,14665.0,0.524,675.0,428.0,0.6347,27312.0,14237.0,0.5212
2015-01-14T15:00:00Z,2015-01-14T16:00:00+0100,67198.0,67026.0,37266.0,136.0,0.0037,27988.0,14449.0,0.5162,675.0,488.0,0.7231,27312.0,13960.0,0.5112
2015-01-14T16:00:00Z,2015-01-14T17:00:00+0100,70156.0,69574.0,37266.0,3.0,0.0001,27988.0,14363.0,0.5132,675.0,365.0,0.5405,27312.0,13998.0,0.5126
2015-01-14T17:00:00Z,2015-01-14T18:00:00+0100,69595.0,69718.0,37266.0,0.0,0.0,27988.0,14342.0,0.5125,675.0,356.0,0.5271,27312.0,13987.0,0.5121
2015-01-14T18:00:00Z,2015-01-14T19:00:00+0100,67587.0,68797.0,37266.0,0.0,0.0,27988.0,14373.0,0.5136,675.0,370.0,0.5484,27312.0,14003.0,0.5127
2015-01-14T19:00:00Z,2015-01-14T20:00:00+0100,63598.0,64870.0,37266.0,0.0,0.0,27988.0,14883.0,0.5318,675.0,516.0,0.7641,27312.0,14367.0,0.526
2015-01-14T20:00:00Z,2015-01-14T21:00:00+0100,60156.0,61400.0,37266.0,0.0,0.0,27988.0,15073.0,0.5386,675.0,533.0,0.7897,27312.0,14540.0,0.5324
2015-01-14T21:00:00Z,2015-01-14T22:00:00+0100,57358.0,58749.0,37266.0,0.0,0.0,27988.0,15000.0,0.5359,675.0,529.0,0.7831,27312.0,14471.0,0.5298
2015-01-14T22:00:00Z,2015-01-14T23:00:00+0100,53648.0,53886.0,37266.0,0.0,0.0,27988.0,14667.0,0.524,675.0,536.0,0.7947,27312.0,14131.0,0.5174
2015-01-14T23:00:00Z,2015-01-15T00:00:00+0100,50014.0,50517.0,37270.0,0.0,0.0,27988.0,14527.0,0.519,675.0,542.0,0.8036,27312.0,13985.0,0.512
2015-01-15T00:00:00Z,2015-01-15T01:00:00+0100,48098.0,48247.0,37270.0,0.0,0.0,27988.0,14660.0,0.5238,675.0,544.0,0.8066,27312.0,14116.0,0.5168
2015-01-15T01:00:00Z,2015-01-15T02:00:00+0100,47108.0,47151.0,37270.0,0.0,0.0,27988.0,15388.0,0.5498,675.0,539.0,0.7981,27312.0,14849.0,0.5437
2015-01-15T02:00:00Z,2015-01-15T03:00:00+0100,47519.0,47447.0,37270.0,0.0,0.0,27988.0,16880.0,0.6031,675.0,524.0,0.7758,27312.0,16356.0,0.5989
2015-01-15T03:00:00Z,2015-01-15T04:00:00+0100,48517.0,48711.0,37270.0,0.0,0.0,27988.0,18635.0,0.6658,675.0,511.0,0.7567,27312.0,18124.0,0.6636
2015-01-15T04:00:00Z,2015-01-15T05:00:00+0100,51717.0,51747.0,37270.0,0.0,0.0,27988.0,20539.0,0.7338,675.0,511.0,0.7564,27312.0,20029.0,0.7333
2015-01-15T05:00:00Z,2015-01-15T06:00:00+0100,59216.0,58071.0,37270.0,0.0,0.0,27988.0,22670.0,0.81,675.0,512.0,0.7588,27312.0,22158.0,0.8113
2015-01-15T06:00:00Z,2015-01-15T07:00:00+0100,65894.0,66065.0,37270.0,0.0,0.0,27988.0,23729.0,0.8478,675.0,506.0,0.7496,27312.0,23223.0,0.8503
2015-01-15T07:00:00Z,2015-01-15T08:00:00+0100,68785.0,69232.0,37270.0,156.0,0.0042,27988.0,24792.0,0.8858,675.0,471.0,0.6984,27312.0,24321.0,0.8905
2015-01-15T08:00:00Z,2015-01-15T09:00:00+0100,68630.0,69457.0,37270.0,965.0,0.0259,27988.0,25156.0,0.8988,675.0,456.0,0.6752,27312.0,24700.0,0.9044
2015-01-15T09:00:00Z,2015-01-15T10:00:00+0100,69475.0,70319.0,37270.0,2365.0,0.0635,27988.0,25604.0,0.9148,675.0,503.0,0.7448,27312.0,25102.0,0.9191
2015-01-15T10:00:00Z,2015-01-15T11:00:00+0100,70517.0,71469.0,37270.0,3469.0,0.0931,27988.0,25904.0,0.9256,675.0,512.0,0.758,27312.0,25393.0,0.9297
2015-01-15T11:00:00Z,2015-01-15T12:00:00+0100,69712.0,70610.0,37270.0,3589.0,0.0963,27988.0,26189.0,0.9358,675.0,525.0,0.7778,27312.0,25664.0,0.9397
2015-01-15T12:00:00Z,2015-01-15T13:00:00+0100,69201.0,68417.0,37270.0,3194.0,0.0857,27988.0,25360.0,0.9061,675.0,526.0,0.7787,27312.0,24834.0,0.9092
2015-01-15T13:00:00Z,2015-01-15T14:00:00+0100,68197.0,67209.0,37270.0,2231.0,0.0599,27988.0,24938.0,0.891,675.0,527.0,0.7802,27312.0,24411.0,0.8938
2015-01-15T14:00:00Z,2015-01-15T15:00:00+0100,67579.0,67023.0,37270.0,1010.0,0.0271,27988.0,24876.0,0.8888,675.0,526.0,0.7791,27312.0,24350.0,0.8916
2015-01-15T15:00:00Z,2015-01-15T16:00:00+0100,67480.0,67437.0,37270.0,171.0,0.0046,27988.0,24851.0,0.8879,675.0,527.0,0.781,27312.0,24324.0,0.8906
2015-01-15T16:00:00Z,2015-01-15T17:00:00+0100,70186.0,69921.0,37270.0,5.0,0.0001,27988.0,24740.0,0.884,675.0,530.0,0.7856,27312.0,24210.0,0.8864
2015-01-15T17:00:00Z,2015-01-15T18:00:00+0100,69592.0,69763.0,37270.0,0.0,0.0,27988.0,25439.0,0.9089,675.0,529.0,0.7839,27312.0,24910.0,0.912
2015-01-15T18:00:00Z,2015-01-15T19:00:00+0100,67819.0,67809.0,37270.0,0.0,0.0,27988.0,26233.0,0.9373,675.0,530.0,0.7857,27312.0,25703.0,0.9411
2015-01-15T19:00:00Z,2015-01-15T20:00:00+0100,63806.0,63503.0,37270.0,0.0,0.0,27988.0,25816.0,0.9224,675.0,527.0,0.7812,27312.0,25289.0,0.926
2015-01-15T20:00:00Z,2015-01-15T21:00:00+0100,60304.0,60058.0,37270.0,0.0,0.0,27988.0,25149.0,0.8986,675.0,507.0,0.7504,27312.0,24642.0,0.9022
2015-01-15T21:00:00Z,2015-01-15T22:00:00+0100,57580.0,57785.0,37270.0,0.0,0.0,27988.0,23866.0,0.8527,675.0,476.0,0.7053,27312.0,23390.0,0.8564
2015-01-15T22:00:00Z,2015-01-15T23:00:00+0100,53037.0,53283.0,37270.0,0.0,0.0,27988.0,23076.0,0.8245,675.0,410.0,0.608,27312.0,22666.0,0.8299
2015-01-15T23:00:00Z,2015-01-16T00:00:00+0100,49276.0,48986.0,37273.0,0.0,0.0,28004.0,21981.0,0.7849,675.0,392.0,0.5806,27329.0,21589.0,0.7899
2015-01-16T00:00:00Z,2015-01-16T01:00:00+0100,46279.0,47573.0,37273.0,0.0,0.0,28004.0,21120.0,0.7542,675.0,370.0,0.5486,27329.0,20749.0,0.7592
2015-01-16T01:00:00Z,2015-01-16T02:00:00+0100,44534.0,46611.0,37273.0,0.0,0.0,28004.0,21067.0,0.7523,675.0,350.0,0.5178,27329.0,20718.0,0.7581
2015-01-16T02:00:00Z,2015-01-16T03:00:00+0100,45939.0,46974.0,37273.0,0.0,0.0,28004.0,20426.0,0.7294,675.0,342.0,0.5065,27329.0,20084.0,0.7349
2015-01-16T03:00:00Z,2015-01-16T04:00:00+0100,47898.0,48737.0,37273.0,0.0,0.0,28004.0,19524.0,0.6971,675.0,448.0,0.6635,27329.0,19076.0,0.698
2015-01-16T04:00:00Z,2015-01-16T05:00:00+0100,51456.0,51632.0,37273.0,0.0,0.0,28004.0,18648.0,0.6659,675.0,488.0,0.7237,27329.0,18159.0,0.6645
2015-01-16T05:00:00Z,2015-01-16T06:00:00+0100,59074.0,58083.0,37273.0,0.0,0.0,28004.0,17529.0,0.626,675.0,502.0,0.7435,27329.0,17028.0,0.623
2015-01-16T06:00:00Z,2015-01-16T07:00:00+0100,66271.0,65676.0,37273.0,0.0,0.0,28004.0,16527.0,0.5902,675.0,515.0,0.7631,27329.0,16012.0,0.5859
2015-01-16T07:00:00Z,2015-01-16T08:00:00+0100,68400.0,68678.0,37273.0,292.0,0.0078,28004.0,15430.0,0.551,675.0,524.0,0.776,27329.0,14906.0,0.5454
2015-01-16T08:00:00Z,2015-01-16T09:00:00+0100,68027.0,68774.0,37273.0,1737.0,0.0466,28004.0,13551.0,0.4839,675.0,526.0,0.7791,27329.0,13026.0,0.4766
2015-01-16T09:00:00Z,2015-01-16T10:00:00+0100,68375.0,69189.0,37273.0,3489.0,0.0936,28004.0,12074.0,0.4312,675.0,534.0,0.7904,27329.0,11540.0,0.4223
2015-01-16T10:00:00Z,2015-01-16T11:00:00+0100,68696.0,70331.0,37273.0,4690.0,0.1258,28004.0,10710.0,0.3824,675.0,540.0,0.8004,27329.0,10170.0,0.3721
2015-01-16T11:00:00Z,2015-01-16T12:00:00+0100,67681.0,69098.0,37273.0,4721.0,0.1267,28004.0,8943.0,0.3194,675.0,542.0,0.8025,27329.0,8401.0,0.3074
2015-01-16T12:00:00Z,2015-01-16T13:00:00+0100,66189.0,66585.0,37273.0,3852.0,0.1034,28004.0,7502.0,0.2679,675.0,450.0,0.666,27329.0,7053.0,0.2581
2015-01-16T13:00:00Z,2015-01-16T14:00:00+0100,64631.0,65772.0,37273.0,2642.0,0.0709,28004.0,5676.0,0.2027,675.0,429.0,0.6362,27329.0,5246.0,0.1919
2015-01-16T14:00:00Z,2015-01-16T15:00:00+0100,63772.0,65504.0,37273.0,1215.0,0.0326,28004.0,4293.0,0.1533,675.0,436.0,0.6457,27329.0,3857.0,0.1412
2015-01-16T15:00:00Z,2015-01-16T16:00:00+0100,64204.0,65842.0,37273.0,176.0,0.0047,28004.0,3698.0,0.132,675.0,446.0,0.6606,27329.0,3253.0,0.119
2015-01-16T16:00:00Z,2015-01-16T17:00:00+0100,67360.0,68543.0,37273.0,4.0,0.0001,28004.0,4124.0,0.1473,675.0,420.0,0.6217,27329.0,3705.0,0.1356
2015-01-16T17:00:00Z,2015-01-16T18:00:00+0100,66923.0,68683.0,37273.0,0.0,0.0,28004.0,4319.0,0.1542,675.0,346.0,0.5131,27329.0,3973.0,0.1454
2015-01-16T18:00:00Z,2015-01-16T19:00:00+0100,64680.0,66220.0,37273.0,0.0,0.0,28004.0,4382.0,0.1565,675.0,397.0,0.5883,27329.0,3985.0,0.1458
2015-01-16T19:00:00Z,2015-01-16T20:00:00+0100,60464.0,62130.0,37273.0,0.0,0.0,28004.0,4206.0,0.1502,675.0,376.0,0.5566,27329.0,3830.0,0.1402
2015-01-16T20:00:00Z,2015-01-16T21:00:00+0100,57066.0,57963.0,37273.0,0.0,0.0,28004.0,4166.0,0.1488,675.0,351.0,0.5203,27329.0,3815.0,0.1396
2015-01-16T21:00:00Z,2015-01-16T22:00:00+0100,54807.0,55038.0,37273.0,0.0,0.0,28004.0,3891.0,0.139,675.0,349.0,0.5176,27329.0,3542.0,0.1296
2015-01-16T22:00:00Z,2015-01-16T23:00:00+0100,50985.0,52542.0,37273.0,0.0,0.0,28004.0,3667.0,0.1309,675.0,331.0,0.4909,27329.0,3335.0,0.122
2015-01-16T23:00:00Z,2015-01-17T00:00:00+0100,47703.0,49196.0,37273.0,0.0,0.0,28007.0,3850.0,0.1374,675.0,445.0,0.6586,27332.0,3405.0,0.1246
2015-01-17T00:00:00Z,2015-01-17T01:00:00+0100,45369.0,47607.0,37273.0,0.0,0.0,28007.0,4134.0,0.1476,675.0,460.0,0.6809,27332.0,3674.0,0.1345
2015-01-17T01:00:00Z,2015-01-17T02:00:00+0100,44383.0,46094.0,37273.0,0.0,0.0,28007.0,4536.0,0.162,675.0,469.0,0.6942,27332.0,4067.0,0.1488
2015-01-17T02:00:00Z,2015-01-17T03:00:00+0100,44029.0,45943.0,37273.0,0.0,0.0,28007.0,4863.0,0.1736,675.0,450.0,0.6673,27332.0,4413.0,0.1614
2015-01-17T03:00:00Z,2015-01-17T04:00:00+0100,44168.0,46531.0,37273.0,0.0,0.0,28007.0,5187.0,0.1852,675.0,455.0,0.6736,27332.0,4733.0,0.1731
2015-01-17T04:00:00Z,2015-01-17T05:00:00+0100,43903.0,46256.0,37273.0,0.0,0.0,28007.0,5365.0,0.1916,675.0,471.0,0.6973,27332.0,4894.0,0.1791
2015-01-17T05:00:00Z,2015-01-17T06:00:00+0100,44481.0,47450.0,37273.0,0.0,0.0,28007.0,5589.0,0.1996,675.0,475.0,0.7032,27332.0,5114.0,0.1871
2015-01-17T06:00:00Z,2015-01-17T07:00:00+0100,48133.0,51216.0,37273.0,0.0,0.0,28007.0,5764.0,0.2058,675.0,466.0,0.691,27332.0,5298.0,0.1938
2015-01-17T07:00:00Z,2015-01-17T08:00:00+0100,52095.0,54927.0,37273.0,91.0,0.0024,28007.0,6303.0,0.225,675.0,459.0,0.6804,27332.0,5843.0,0.2138
2015-01-17T08:00:00Z,2015-01-17T09:00:00+0100,55104.0,57348.0,37273.0,917.0,0.0246,28007.0,6179.0,0.2206,675.0,491.0,0.7278,27332.0,5688.0,0.2081
2015-01-17T09:00:00Z,2015-01-17T10:00:00+0100,56978.0,58593.0,37273.0,2494.0,0.067,28007.0,5621.0,0.2007,675.0,505.0,0.748,27332.0,5116.0,0.1872
2015-01-17T10:00:00Z,2015-01-17T11:00:00+0100,57872.0,59897.0,37273.0,4013.0,0.1077,28007.0,5094.0,0.1819,675.0,517.0,0.7653,27332.0,4578.0,0.1674
2015-01-17T11:00:00Z,2015-01-17T12:00:00+0100,57031.0,58975.0,37273.0,4695.0,0.126,28007.0,5023.0,0.1794,675.0,457.0,0.6776,27332.0,4566.0,0.167
2015-01-17T12:00:00Z,2015-01-17T13:00:00+0100,54885.0,57177.0,37273.0,4342.0,0.1165,28007.0,5365.0,0.1916,675.0,415.0,0.6155,27332.0,4949.0,0.1811
2015-01-17T13:00:00Z,2015-01-17T14:00:00+0100,53290.0,55840.0,37273.0,3117.0,0.0836,28007.0,5294.0,0.189,675.0,415.0,0.6145,27332.0,4879.0,0.1785
2015-01-17T14:00:00Z,2015-01-17T15:00:00+0100,52707.0,54704.0,37273.0,1478.0,0.0397,28007.0,4416.0,0.1577,675.0,459.0,0.6794,27332.0,3957.0,0.1448
2015-01-17T15:00:00Z,2015-01-17T16:00:00+0100,53655.0,56194.0,37273.0,253.0,0.0068,28007.0,4227.0,0.1509,675.0,507.0,0.7518,27332.0,3720.0,0.1361
2015-01-17T16:00:00Z,2015-01-17T17:00:00+0100,57914.0,58905.0,37273.0,5.0,0.0001,28007.0,5131.0,0.1832,675.0,505.0,0.7478,27332.0,4626.0,0.1693
2015-01-17T17:00:00Z,2015-01-17T18:00:00+0100,58820.0,60005.0,37273.0,0.0,0.0,28007.0,6379.0,0.2278,675.0,513.0,0.7607,27332.0,5866.0,0.2146
2015-01-17T18:00:00Z,2015-01-17T19:00:00+0100,57041.0,58379.0,37273.0,0.0,0.0,28007.0,6909.0,0.2467,675.0,519.0,0.7691,27332.0,6390.0,0.2338
2015-01-17T19:00:00Z,2015-01-17T20:00:00+0100,53145.0,54707.0,37273.0,0.0,0.0,28007.0,6897.0,0.2462,675.0,514.0,0.762,27332.0,6383.0,0.2336
2015-01-17T20:00:00Z,2015-01-17T21:00:00+0100,50831.0,52522.0,37273.0,0.0,0.0,28007.0,7364.0,0.2629,675.0,510.0,0.7561,27332.0,6853.0,0.2507
2015-01-17T21:00:00Z,2015-01-17T22:00:00+0100,50069.0,52241.0,37273.0,0.0,0.0,28007.0,7493.0,0.2676,675.0,520.0,0.771,27332.0,6973.0,0.2551
2015-01-17T22:00:00Z,2015-01-17T23:00:00+0100,47150.0,49333.0,37273.0,0.0,0.0,28007.0,7268.0,0.2595,675.0,520.0,0.7707,27332.0,6748.0,0.2469
2015-01-17T23:00:00Z,2015-01-18T00:00:00+0100,44157.0,45898.0,37273.0,0.0,0.0,28013.0,7316.0,0.2612,679.0,445.0,0.6554,27334.0,6871.0,0.2514
2015-01-18T00:00:00Z,2015-01-18T01:00:00+0100,42468.0,43535.0,37273.0,0.0,0.0,28013.0,7422.0,0.265,679.0,414.0,0.6096,27334.0,7008.0,0.2564
2015-01-18T01:00:00Z,2015-01-18T02:00:00+0100,41213.0,42249.0,37273.0,0.0,0.0,28013.0,7365.0,0.263,679.0,431.0,0.6341,27334.0,6935.0,0.2537
2015-01-18T02:00:00Z,2015-01-18T03:00:00+0100,40643.0,42613.0,37273.0,0.0,0.0,28013.0,7700.0,0.2749,679.0,414.0,0.61,27334.0,7286.0,0.2666
2015-01-18T03:00:00Z,2015-01-18T04:00:00+0100,40563.0,43021.0,37273.0,0.0,0.0,28013.0,7837.0,0.2798,679.0,404.0,0.595,27334.0,7433.0,0.2719
2015-01-18T04:00:00Z,2015-01-18T05:00:00+0100,40032.0,42902.0,37273.0,0.0,0.0,28013.0,7747.0,0.2765,679.0,439.0,0.6461,27334.0,7308.0,0.2674
2015-01-18T05:00:00Z,2015-01-18T06:00:00+0100,39157.0,42406.0,37273.0,0.0,0.0,28013.0,7589.0,0.2709,679.0,384.0,0.5661,27334.0,7204.0,0.2636
2015-01-18T06:00:00Z,2015-01-18T07:00:00+0100,40896.0,44224.0,37273.0,0.0,0.0,28013.0,7844.0,0.28,679.0,358.0,0.5272,27334.0,7486.0,0.2739
2015-01-18T07:00:00Z,2015-01-18T08:00:00+0100,43967.0,47172.0,37273.0,249.0,0.0067,28013.0,7291.0,0.2603,679.0,323.0,0.475,27334.0,6968.0,0.2549
2015-01-18T08:00:00Z,2015-01-18T09:00:00+0100,47041.0,50274.0,37273.0,1890.0,0.0507,28013.0,6644.0,0.2372,679.0,309.0,0.4555,27334.0,6335.0,0.2318
2015-01-18T09:00:00Z,2015-01-18T10:00:00+0100,49625.0,52753.0,37273.0,4117.0,0.1105,28013.0,5865.0,0.2094,679.0,266.0,0.3922,27334.0,5599.0,0.2048
2015-01-18T10:00:00Z,2015-01-18T11:00:00+0100,52113.0,55079.0,37273.0,5860.0,0.1572,28013.0,5230.0,0.1867,679.0,244.0,0.36,27334.0,4986.0,0.1824
